,flight_AD,flight_datetime,flight_AL_Synchron_code,flight_number,flight_ID,flight_terminal_#,flight_AP,flight_AC_Synchron_code,flight_AC_PAX_capacity_total,flight_PAX,Aircraft_Stand
0,A,17.08.2019 11:05,U6,1,D,1,SVX,320,160,152,205
1,D,17.08.2019 19:15,U6,2,D,1,SIP,320,160,95,205
2,D,17.08.2019 11:55,U6,439,D,1,SVX,320,160,159,190
3,A,17.08.2019 18:20,U6,440,D,1,SIP,320,160,160,191
4,D,17.08.2019 12:05,AH,3001,I,5,ALG,738,160,94,34
5,D,17.08.2019 6:00,SU,2,D,1,LED,SU9,87,75,210
6,A,17.08.2019 9:35,SU,3,D,1,LED,SU9,87,79,206
7,D,17.08.2019 16:50,SU,1022,D,1,VOZ,SU9,87,64,205
8,A,17.08.2019 20:30,SU,1023,D,1,VOZ,SU9,87,82,193
9,D,17.08.2019 9:30,SU,1100,D,1,KRR,SU9,87,80,205
10,A,17.08.2019 15:25,SU,1101,D,1,KRR,SU9,87,83,202
11,D,17.08.2019 0:35,SU,1132,D,1,AER,SU9,87,82,191
12,A,17.08.2019 14:35,SU,1133,D,1,AER,SU9,87,70,88
13,D,17.08.2019 13:20,SU,1156,D,1,ROV,SU9,87,77,89
14,D,17.08.2019 1:55,SU,1164,D,1,ROV,SU9,87,81,217
15,A,17.08.2019 7:45,SU,1165,D,1,ROV,SU9,87,69,89
16,D,17.08.2019 17:35,SU,1186,D,1,VOG,SU9,87,79,217
17,A,17.08.2019 22:10,SU,1187,D,1,VOG,SU9,87,85,217
18,D,17.08.2019 1:50,SU,1206,D,1,KUF,SU9,87,76,217
19,A,17.08.2019 6:10,SU,1207,D,1,KUF,SU9,87,79,88
20,D,17.08.2019 1:25,SU,1218,D,1,PEE,SU9,87,85,217
21,A,17.08.2019 6:40,SU,1219,D,1,PEE,SU9,87,80,206
22,D,17.08.2019 9:45,SU,1220,D,1,GOJ,SU9,87,84,89
23,A,17.08.2019 13:15,SU,1221,D,1,GOJ,SU9,87,79,210
24,D,17.08.2019 16:30,SU,1226,D,1,GOJ,SU9,87,77,217
25,A,17.08.2019 19:55,SU,1227,D,1,GOJ,SU9,87,53,210
26,D,17.08.2019 6:00,SU,1228,D,1,GOJ,SU9,87,72,217
27,A,17.08.2019 9:25,SU,1229,D,1,GOJ,SU9,87,70,205
28,D,17.08.2019 9:30,SU,1230,D,1,UFA,SU9,87,84,217
29,A,17.08.2019 14:55,SU,1231,D,1,UFA,SU9,87,84,190
30,D,17.08.2019 18:05,SU,1260,D,1,UFA,SU9,87,48,217
31,A,17.08.2019 23:35,SU,1261,D,1,UFA,SU9,87,38,206
32,D,17.08.2019 10:45,SU,1286,D,1,ULV,SU9,87,85,191
33,A,17.08.2019 15:00,SU,1287,D,1,ULV,SU9,87,72,206
34,D,17.08.2019 1:50,SU,1288,D,1,ULV,SU9,87,82,217
35,A,17.08.2019 6:55,SU,1289,D,1,ULV,SU9,87,59,190
36,D,17.08.2019 16:55,SU,1292,D,1,IJK,SU9,87,82,217
37,A,17.08.2019 21:50,SU,1293,D,1,IJK,SU9,87,73,217
38,D,17.08.2019 23:25,SU,1294,D,1,IJK,SU9,87,72,190
39,A,17.08.2019 4:20,SU,1295,D,1,IJK,SU9,87,65,217
40,D,17.08.2019 17:50,SU,1316,D,1,MMK,SU9,87,70,89
41,A,17.08.2019 0:05,SU,1317,D,1,MMK,SU9,87,83,205
42,D,17.08.2019 7:15,SU,1320,D,1,MMK,SU9,87,78,206
43,A,17.08.2019 12:55,SU,1321,D,1,MMK,SU9,87,84,202
44,D,17.08.2019 16:20,SU,1330,D,1,ARH,SU9,87,74,217
45,A,17.08.2019 21:10,SU,1331,D,1,ARH,SU9,87,76,202
46,D,17.08.2019 8:10,SU,1332,D,1,ARH,SU9,87,83,191
47,A,17.08.2019 13:00,SU,1333,D,1,ARH,SU9,87,83,203
48,D,17.08.2019 0:05,SU,1334,D,1,ARH,SU9,87,76,89
49,A,17.08.2019 4:50,SU,1335,D,1,ARH,SU9,87,82,190
50,D,17.08.2019 8:55,SU,1350,D,1,VOZ,SU9,87,73,205
51,A,17.08.2019 12:20,SU,1351,D,1,VOZ,SU9,87,84,203
52,D,17.08.2019 23:50,SU,1352,D,1,VOZ,SU9,87,48,190
53,A,17.08.2019 7:30,SU,1353,D,1,VOZ,SU9,87,75,206
54,D,17.08.2019 6:35,SU,1356,D,1,RTW,SU9,87,75,210
55,A,17.08.2019 11:10,SU,1357,D,1,RTW,SU9,87,82,190
56,D,17.08.2019 19:15,SU,1358,D,1,RTW,SU9,87,65,88
57,A,17.08.2019 23:35,SU,1359,D,1,RTW,SU9,87,72,88
58,D,17.08.2019 9:45,SU,1360,D,1,RTW,SU9,87,78,206
59,A,17.08.2019 14:05,SU,1361,D,1,RTW,SU9,87,53,206
60,D,17.08.2019 16:40,SU,1362,D,1,RTW,SU9,87,41,217
61,A,17.08.2019 21:05,SU,1363,D,1,RTW,SU9,87,48,192
62,D,17.08.2019 17:35,SU,1364,D,1,STW,SU9,87,86,217
63,A,17.08.2019 23:15,SU,1365,D,1,STW,SU9,87,70,89
64,D,17.08.2019 9:00,SU,1366,D,1,STW,SU9,87,87,202
65,A,17.08.2019 14:25,SU,1367,D,1,STW,SU9,87,84,191
66,D,17.08.2019 21:10,SU,1368,D,1,STW,SU9,87,54,210
67,A,17.08.2019 5:15,SU,1369,D,1,STW,SU9,87,78,210
68,D,17.08.2019 10:25,SU,1370,D,1,EGO,SU9,87,76,88
69,A,17.08.2019 14:20,SU,1371,D,1,EGO,SU9,87,70,217
70,D,17.08.2019 23:55,SU,1372,D,1,EGO,SU9,87,37,89
71,A,17.08.2019 4:10,SU,1373,D,1,EGO,SU9,87,75,206
72,D,17.08.2019 19:40,SU,1374,D,1,EGO,SU9,87,66,88
73,A,17.08.2019 23:35,SU,1375,D,1,EGO,SU9,87,77,217
74,D,17.08.2019 11:45,SU,1376,D,1,RTW,SU9,87,83,190
75,A,17.08.2019 15:55,SU,1377,D,1,RTW,SU9,87,77,203
76,D,17.08.2019 15:25,SU,1378,D,1,RTW,SU9,87,41,210
77,A,17.08.2019 19:40,SU,1379,D,1,RTW,SU9,87,49,206
78,D,17.08.2019 13:55,SU,1388,D,1,ULV,SU9,87,44,206
79,A,17.08.2019 18:05,SU,1389,D,1,ULV,SU9,87,43,206
80,D,17.08.2019 8:40,SU,1390,D,1,SCW,SU9,87,87,202
81,A,17.08.2019 13:50,SU,1391,D,1,SCW,SU9,87,70,202
82,D,17.08.2019 12:50,SU,1392,D,1,PEE,SU9,87,83,192
83,A,17.08.2019 22:10,SU,1393,D,1,PEE,SU9,87,76,89
84,D,17.08.2019 22:40,SU,1396,D,1,SCW,SU9,87,79,217
85,A,17.08.2019 4:35,SU,1397,D,1,SCW,SU9,87,70,88
86,D,17.08.2019 15:20,SU,1404,D,1,SVX,SU9,87,68,210
87,A,17.08.2019 21:35,SU,1405,D,1,SVX,SU9,87,79,210
88,D,17.08.2019 0:40,SU,1428,D,1,MQF,SU9,87,78,206
89,A,17.08.2019 6:30,SU,1429,D,1,MQF,SU9,87,87,213
90,D,17.08.2019 14:45,SU,1434,D,1,MQF,SU9,87,77,191
91,A,17.08.2019 20:55,SU,1435,D,1,MQF,SU9,87,70,217
92,D,17.08.2019 21:30,SU,1466,D,1,SKX,SU9,87,40,199
93,A,17.08.2019 7:45,SU,1467,D,1,SKX,SU9,87,69,203
94,D,17.08.2019 1:30,SU,1508,D,1,TJM,SU9,87,87,217
95,A,17.08.2019 8:20,SU,1509,D,1,TJM,SU9,87,86,203
96,D,17.08.2019 7:25,SU,1642,D,1,ASF,SU9,87,84,203
97,A,17.08.2019 13:05,SU,1643,D,1,ASF,SU9,87,87,190
98,D,17.08.2019 14:25,SU,1680,D,1,NBC,SU9,87,76,191
99,A,17.08.2019 19:25,SU,1681,D,1,NBC,SU9,87,77,88
100,D,17.08.2019 8:35,SU,1830,I,3,MSQ,SU9,87,75,2
101,A,17.08.2019 12:15,SU,1831,I,2,MSQ,SU9,87,78,80
102,D,17.08.2019 18:10,SU,1832,I,3,MSQ,SU9,87,57,11
103,A,17.08.2019 21:55,SU,1833,I,2,MSQ,SU9,87,82,80
104,D,17.08.2019 22:00,SU,1834,I,3,MSQ,SU9,87,78,1
105,A,17.08.2019 7:40,SU,1835,I,2,MSQ,SU9,87,79,80
106,D,17.08.2019 13:25,SU,1840,I,3,MSQ,SU9,87,68,2
107,A,17.08.2019 17:35,SU,1841,I,2,MSQ,SU9,87,77,80
108,D,17.08.2019 16:50,SU,1842,I,3,MSQ,SU9,87,80,11
109,A,17.08.2019 20:45,SU,1843,I,2,MSQ,SU9,87,79,80
110,D,17.08.2019 9:20,SU,2034,I,5,OTP,SU9,87,61,2
111,A,17.08.2019 16:25,SU,2035,I,5,OTP,SU9,87,63,1
112,D,17.08.2019 20:55,SU,2038,I,5,OTP,SU9,87,58,2
113,A,17.08.2019 5:05,SU,2039,I,3,OTP,SU9,87,69,2
114,D,17.08.2019 11:50,SU,2100,I,3,RIX,SU9,87,83,11
115,A,17.08.2019 16:10,SU,2101,I,3,RIX,SU9,87,77,11
116,D,17.08.2019 22:55,SU,2118,I,3,RIX,SU9,87,59,2
117,A,17.08.2019 4:30,SU,2119,I,3,RIX,SU9,87,78,10
118,D,17.08.2019 16:10,SU,2164,I,3,VNO,SU9,87,70,10
119,A,17.08.2019 20:45,SU,2165,I,3,VNO,SU9,87,82,1
120,D,17.08.2019 10:40,SU,2206,I,3,HEL,SU9,87,81,19
121,A,17.08.2019 15:10,SU,2207,I,3,HEL,SU9,87,72,2
122,D,17.08.2019 18:55,SU,2262,I,5,TLL,SU9,87,61,2
123,A,17.08.2019 23:30,SU,2263,I,3,TLL,SU9,87,72,10
124,D,17.08.2019 11:25,SU,2344,I,3,DRS,SU9,87,78,11
125,A,17.08.2019 17:55,SU,2345,I,3,DRS,SU9,87,66,2
126,D,17.08.2019 6:45,SU,6,D,1,LED,73H,158,147,210
127,A,17.08.2019 10:40,SU,7,D,1,LED,73H,158,142,205
128,D,17.08.2019 8:20,SU,10,D,1,LED,32A,158,144,191
129,A,17.08.2019 12:00,SU,11,D,1,LED,32A,158,127,191
130,D,17.08.2019 9:40,SU,12,D,1,LED,73H,158,158,88
131,A,17.08.2019 13:25,SU,13,D,1,LED,73H,158,152,215
132,D,17.08.2019 10:55,SU,14,D,1,LED,32A,158,127,205
133,A,17.08.2019 14:40,SU,15,D,1,LED,32A,158,156,205
134,D,17.08.2019 11:30,SU,16,D,1,LED,73H,158,136,191
135,A,17.08.2019 15:10,SU,17,D,1,LED,73H,158,155,215
136,D,17.08.2019 12:25,SU,18,D,1,LED,73H,158,127,206
137,A,17.08.2019 16:25,SU,19,D,1,LED,73H,158,151,205
138,D,17.08.2019 13:35,SU,20,D,1,LED,32A,158,155,215
139,A,17.08.2019 17:20,SU,21,D,1,LED,32A,158,158,205
140,D,17.08.2019 15:20,SU,22,D,1,LED,32A,158,154,192
141,A,17.08.2019 19:00,SU,23,D,1,LED,32A,158,155,213
142,D,17.08.2019 17:10,SU,24,D,1,LED,32A,158,148,217
143,A,17.08.2019 20:50,SU,25,D,1,LED,32A,158,154,206
144,D,17.08.2019 18:20,SU,26,D,1,LED,32A,158,152,205
145,A,17.08.2019 22:00,SU,27,D,1,LED,32A,158,158,205
146,D,17.08.2019 19:40,SU,28,D,1,LED,73H,158,126,213
147,A,17.08.2019 23:45,SU,29,D,1,LED,73H,158,125,205
148,D,17.08.2019 20:30,SU,30,D,1,LED,73H,158,113,193
149,A,17.08.2019 0:25,SU,31,D,1,LED,73H,158,119,190
150,D,17.08.2019 21:00,SU,32,D,1,LED,32A,158,138,193
151,A,17.08.2019 7:20,SU,33,D,1,LED,32A,158,136,202
152,D,17.08.2019 23:15,SU,34,D,1,LED,32A,158,152,192
153,A,17.08.2019 6:25,SU,35,D,1,LED,32A,158,141,215
154,D,17.08.2019 1:30,SU,36,D,1,LED,32A,158,145,217
155,A,17.08.2019 5:05,SU,37,D,1,LED,32A,158,151,205
156,D,17.08.2019 16:25,SU,38,D,1,LED,32A,158,147,217
157,A,17.08.2019 20:00,SU,39,D,1,LED,32A,158,155,89
158,D,17.08.2019 11:55,SU,42,D,1,LED,32A,158,153,89
159,A,17.08.2019 15:35,SU,43,D,1,LED,32A,158,152,205
160,D,17.08.2019 21:30,SU,44,D,1,LED,32A,158,144,192
161,A,17.08.2019 1:10,SU,45,D,1,LED,32A,158,122,205
162,D,17.08.2019 0:40,SU,46,D,1,LED,73H,158,154,205
163,A,17.08.2019 8:30,SU,47,D,1,LED,73H,158,140,89
164,D,17.08.2019 6:55,SU,506,I,3,TLV,73H,158,142,24
165,A,17.08.2019 16:50,SU,507,I,3,TLV,73H,158,148,21
166,A,17.08.2019 6:20,SU,511,I,3,BEY,32A,158,140,22
167,D,17.08.2019 21:05,SU,512,I,2,IKA,32A,158,86,78
168,A,17.08.2019 5:55,SU,513,I,2,IKA,32A,158,147,78
169,D,17.08.2019 8:15,SU,520,I,5,DXB,73H,158,158,34
170,A,17.08.2019 20:50,SU,521,I,5,DXB,73H,158,147,10
171,D,17.08.2019 18:40,SU,524,I,5,DXB,73H,158,152,40
172,A,17.08.2019 6:50,SU,525,I,5,DXB,73H,158,136,10
173,D,17.08.2019 6:40,SU,1000,D,1,KGD,73H,158,152,190
174,A,17.08.2019 11:20,SU,1001,D,1,KGD,73H,158,158,206
175,D,17.08.2019 10:10,SU,1002,D,1,KGD,32A,158,127,190
176,A,17.08.2019 15:15,SU,1003,D,1,KGD,32A,158,127,88
177,D,17.08.2019 13:45,SU,1004,D,1,KGD,32A,158,157,217
178,A,17.08.2019 19:00,SU,1005,D,1,KGD,32A,158,127,203
179,D,17.08.2019 18:30,SU,1006,D,1,KGD,73H,158,127,217
180,A,17.08.2019 23:25,SU,1007,D,1,KGD,73H,158,127,191
181,D,17.08.2019 20:05,SU,1008,D,1,KGD,32A,158,156,190
182,A,17.08.2019 5:50,SU,1009,D,1,KGD,32A,158,127,88
183,D,17.08.2019 16:35,SU,1010,D,1,KGD,32A,158,153,217
184,A,17.08.2019 21:20,SU,1011,D,1,KGD,32A,158,127,215
185,D,17.08.2019 7:50,SU,1042,D,1,OGZ,32A,158,140,203
186,A,17.08.2019 14:20,SU,1043,D,1,OGZ,32A,158,154,203
187,D,17.08.2019 8:05,SU,1052,D,1,MCX,32A,158,125,191
188,A,17.08.2019 15:00,SU,1053,D,1,MCX,32A,158,127,191
189,D,17.08.2019 22:00,SU,1056,D,1,MCX,32A,158,59,205
190,A,17.08.2019 4:45,SU,1057,D,1,MCX,32A,158,155,205
191,D,17.08.2019 15:00,SU,1058,D,1,MCX,32A,158,97,206
192,A,17.08.2019 21:40,SU,1059,D,1,MCX,32A,158,127,213
193,D,17.08.2019 15:10,SU,1064,D,1,NAL,32A,158,119,206
194,A,17.08.2019 21:00,SU,1065,D,1,NAL,32A,158,153,203
195,D,17.08.2019 14:50,SU,1078,D,1,IGT,32A,158,115,191
196,A,17.08.2019 21:30,SU,1079,D,1,IGT,32A,158,127,196
197,D,17.08.2019 12:25,SU,1102,D,1,KRR,73H,158,147,191
198,A,17.08.2019 18:00,SU,1103,D,1,KRR,73H,158,127,89
199,D,17.08.2019 14:40,SU,1104,D,1,KRR,73H,158,109,191
200,A,17.08.2019 20:25,SU,1105,D,1,KRR,73H,158,154,190
201,D,17.08.2019 15:55,SU,1106,D,1,KRR,73H,158,115,206
202,A,17.08.2019 21:35,SU,1107,D,1,KRR,73H,158,156,193
203,D,17.08.2019 23:35,SU,1112,D,1,KRR,32A,158,98,202
204,A,17.08.2019 5:05,SU,1113,D,1,KRR,32A,158,149,202
205,D,17.08.2019 10:30,SU,1116,D,3,AER,32A,158,157,1
206,A,17.08.2019 17:05,SU,1117,D,3,AER,32A,158,157,16
207,D,17.08.2019 19:00,SU,1118,D,1,AER,73H,158,138,213
208,A,17.08.2019 0:55,SU,1119,D,1,AER,73H,158,157,89
209,D,17.08.2019 6:05,SU,1120,D,1,AER,73H,158,141,215
210,A,17.08.2019 12:00,SU,1121,D,1,AER,73H,158,127,190
211,D,17.08.2019 12:20,SU,1122,D,1,AER,73H,158,158,190
212,A,17.08.2019 18:30,SU,1123,D,1,AER,73H,158,156,190
213,D,17.08.2019 14:10,SU,1124,D,1,AER,32A,158,154,191
214,A,17.08.2019 20:10,SU,1125,D,1,AER,32A,158,127,191
215,D,17.08.2019 23:10,SU,1128,D,1,AER,73H,158,101,203
216,A,17.08.2019 5:20,SU,1129,D,1,AER,73H,158,157,191
217,D,17.08.2019 17:45,SU,1130,D,1,AER,32A,158,149,217
218,A,17.08.2019 23:50,SU,1131,D,1,AER,32A,158,127,202
219,D,17.08.2019 9:05,SU,1134,D,1,AER,73H,158,156,190
220,A,17.08.2019 15:25,SU,1135,D,1,AER,73H,158,156,190
221,D,17.08.2019 20:50,SU,1140,D,1,AER,32A,158,108,88
222,A,17.08.2019 9:20,SU,1141,D,1,AER,32A,158,156,190
223,D,17.08.2019 15:00,SU,1142,D,1,AAQ,32A,158,152,210
224,A,17.08.2019 20:40,SU,1143,D,1,AAQ,32A,158,148,88
225,D,17.08.2019 21:50,SU,1144,D,1,AAQ,73H,158,93,203
226,A,17.08.2019 8:25,SU,1145,D,1,AAQ,73H,158,155,202
227,D,17.08.2019 6:30,SU,1146,D,1,AAQ,32A,158,147,190
228,A,17.08.2019 12:05,SU,1147,D,1,AAQ,32A,158,153,205
229,D,17.08.2019 15:35,SU,1148,D,1,GDZ,32A,158,148,193
230,A,17.08.2019 21:15,SU,1149,D,1,GDZ,32A,158,143,89
231,D,17.08.2019 13:10,SU,1150,D,1,GDZ,32A,158,152,217
232,A,17.08.2019 19:05,SU,1151,D,1,GDZ,32A,158,150,215
233,D,17.08.2019 8:10,SU,1152,D,1,GDZ,32A,158,156,192
234,A,17.08.2019 14:10,SU,1153,D,1,GDZ,32A,158,143,202
235,D,17.08.2019 7:30,SU,1158,D,1,ROV,73H,158,129,203
236,A,17.08.2019 12:30,SU,1159,D,1,ROV,73H,158,150,215
237,D,17.08.2019 9:00,SU,1162,D,1,ROV,32A,158,128,89
238,A,17.08.2019 13:55,SU,1163,D,1,ROV,32A,158,150,89
239,D,17.08.2019 21:35,SU,1172,D,1,ASF,32A,158,158,203
240,A,17.08.2019 8:40,SU,1173,D,1,ASF,32A,158,154,213
241,D,17.08.2019 14:50,SU,1174,D,1,ASF,32A,158,146,203
242,A,17.08.2019 20:30,SU,1175,D,1,ASF,32A,158,127,202
243,D,17.08.2019 14:55,SU,1182,D,1,VOG,73H,158,149,213
244,A,17.08.2019 19:35,SU,1183,D,1,VOG,73H,158,157,217
245,D,17.08.2019 22:50,SU,1184,D,1,VOG,73H,158,146,217
246,A,17.08.2019 7:50,SU,1185,D,1,VOG,73H,158,148,217
247,D,17.08.2019 2:00,SU,1188,D,1,VOG,73H,158,151,205
248,A,17.08.2019 9:45,SU,1189,D,1,VOG,73H,158,152,217
249,D,17.08.2019 16:00,SU,1192,D,1,KZN,32A,158,149,217
250,A,17.08.2019 20:25,SU,1193,D,1,KZN,32A,158,70,203
251,D,17.08.2019 0:45,SU,1196,D,1,KZN,73H,158,139,190
252,A,17.08.2019 5:00,SU,1197,D,1,KZN,73H,158,78,206
253,A,17.08.2019 8:35,SU,1199,D,1,KZN,32A,158,70,88
254,D,17.08.2019 7:20,SU,1200,D,1,PEE,32A,158,157,217
255,A,17.08.2019 12:35,SU,1201,D,1,PEE,32A,158,155,213
256,D,17.08.2019 9:40,SU,1208,D,1,KUF,32A,158,150,217
257,A,17.08.2019 14:05,SU,1209,D,1,KUF,32A,158,150,89
258,D,17.08.2019 8:10,SU,1210,D,1,KUF,32A,158,140,203
259,A,17.08.2019 13:00,SU,1211,D,1,KUF,32A,158,141,205
260,D,17.08.2019 13:45,SU,1212,D,1,KUF,73H,158,118,217
261,A,17.08.2019 18:25,SU,1213,D,1,KUF,73H,158,126,88
262,D,17.08.2019 17:05,SU,1214,D,1,KUF,73H,158,121,205
263,A,17.08.2019 21:30,SU,1215,D,1,KUF,73H,158,126,190
264,D,17.08.2019 22:35,SU,1216,D,1,KUF,73H,158,115,206
265,A,17.08.2019 7:20,SU,1217,D,1,KUF,32A,158,139,205
266,D,17.08.2019 0:10,SU,1222,D,1,GOJ,73H,158,127,190
267,A,17.08.2019 6:15,SU,1223,D,1,GOJ,73H,158,132,203
268,D,17.08.2019 18:30,SU,1224,D,1,GOJ,73H,158,99,202
269,A,17.08.2019 21:50,SU,1225,D,1,GOJ,73H,158,78,206
270,D,17.08.2019 14:20,SU,1232,D,1,UFA,32A,158,158,190
271,A,17.08.2019 19:40,SU,1233,D,1,UFA,32A,158,151,89
272,D,17.08.2019 1:40,SU,1234,D,1,UFA,32A,158,149,217
273,A,17.08.2019 8:15,SU,1235,D,1,UFA,32A,158,152,191
274,D,17.08.2019 20:10,SU,1238,D,1,UFA,32A,158,109,213
275,A,17.08.2019 5:50,SU,1239,D,1,UFA,32A,158,150,190
276,D,17.08.2019 15:35,SU,1248,D,1,REN,73H,158,158,196
277,A,17.08.2019 21:10,SU,1249,D,1,REN,73H,158,136,191
278,D,17.08.2019 21:50,SU,1250,D,1,NBC,32A,158,88,88
279,A,17.08.2019 6:45,SU,1251,D,1,NBC,32A,158,90,205
280,D,17.08.2019 7:00,SU,1254,D,1,NBC,32A,158,129,217
281,A,17.08.2019 11:45,SU,1255,D,1,NBC,32A,158,135,191
282,D,17.08.2019 16:00,SU,1258,D,1,UFA,32A,158,126,217
283,A,17.08.2019 21:15,SU,1259,D,1,UFA,32A,158,135,88
284,D,17.08.2019 8:20,SU,1268,D,1,KZN,32A,158,144,213
285,A,17.08.2019 12:25,SU,1269,D,1,KZN,32A,158,49,206
286,D,17.08.2019 21:50,SU,1274,D,1,KRR,73H,158,100,202
287,A,17.08.2019 8:25,SU,1275,D,1,KRR,73H,158,149,215
288,D,17.08.2019 11:05,SU,1276,D,1,KZN,73H,158,149,206
289,A,17.08.2019 15:10,SU,1277,D,1,KZN,73H,158,125,192
290,D,17.08.2019 6:00,SU,1284,D,1,KRR,73H,158,132,213
291,A,17.08.2019 12:55,SU,1285,D,1,KRR,73H,158,158,88
292,D,17.08.2019 2:40,SU,1300,D,1,MRV,32A,158,139,217
293,A,17.08.2019 9:35,SU,1301,D,1,MRV,32A,158,150,191
294,D,17.08.2019 16:30,SU,1302,D,1,MRV,73H,158,136,217
295,A,17.08.2019 22:15,SU,1303,D,1,MRV,73H,158,151,191
296,D,17.08.2019 7:45,SU,1304,D,1,MRV,32A,158,144,205
297,A,17.08.2019 13:30,SU,1305,D,1,MRV,32A,158,158,217
298,D,17.08.2019 1:05,SU,1306,D,1,OVB,73H,158,150,217
299,A,17.08.2019 10:25,SU,1307,D,1,OVB,73H,158,158,89
300,D,17.08.2019 20:55,SU,1314,D,1,MRV,73H,158,131,89
301,A,17.08.2019 4:55,SU,1315,D,1,MRV,73H,158,152,89
302,D,17.08.2019 23:20,SU,1322,D,1,MMK,32A,158,127,203
303,A,17.08.2019 5:10,SU,1323,D,1,MMK,32A,158,146,203
304,D,17.08.2019 20:25,SU,1340,D,1,GOJ,32A,158,81,213
305,A,17.08.2019 23:45,SU,1341,D,1,GOJ,32A,158,71,203
306,D,17.08.2019 1:00,SU,1382,D,1,HMA,73H,158,154,205
307,A,17.08.2019 8:05,SU,1383,D,1,HMA,73H,158,147,205
308,D,17.08.2019 22:20,SU,1394,D,1,PEE,32A,158,126,191
309,A,17.08.2019 8:00,SU,1395,D,1,PEE,32A,158,155,217
310,D,17.08.2019 8:30,SU,1400,D,1,SVX,32A,158,153,89
311,A,17.08.2019 14:30,SU,1401,D,1,SVX,32A,158,151,215
312,D,17.08.2019 11:20,SU,1402,D,1,SVX,73H,158,145,89
313,A,17.08.2019 17:30,SU,1403,D,1,SVX,73H,158,154,217
314,D,17.08.2019 21:30,SU,1406,D,1,SVX,32A,158,140,203
315,A,17.08.2019 7:30,SU,1407,D,1,SVX,32A,158,156,88
316,D,17.08.2019 23:45,SU,1408,D,1,SVX,32A,158,128,213
317,A,17.08.2019 5:45,SU,1409,D,1,SVX,32A,158,156,217
318,D,17.08.2019 6:45,SU,1410,D,1,SVX,32A,158,127,210
319,A,17.08.2019 12:40,SU,1411,D,1,SVX,32A,158,157,193
320,D,17.08.2019 13:30,SU,1412,D,1,SVX,32A,158,147,217
321,A,17.08.2019 19:20,SU,1413,D,1,SVX,32A,158,157,190
322,D,17.08.2019 17:30,SU,1414,D,1,SVX,73H,158,150,217
323,A,17.08.2019 23:40,SU,1415,D,1,SVX,73H,158,149,213
324,D,17.08.2019 6:50,SU,1420,D,1,CEK,32A,158,152,190
325,A,17.08.2019 12:45,SU,1421,D,1,CEK,32A,158,150,217
326,D,17.08.2019 14:00,SU,1422,D,1,CEK,32A,158,156,196
327,A,17.08.2019 20:05,SU,1423,D,1,CEK,32A,158,127,213
328,D,17.08.2019 0:05,SU,1424,D,1,CEK,32A,158,151,89
329,A,17.08.2019 6:00,SU,1425,D,1,CEK,32A,158,156,202
330,D,17.08.2019 17:45,SU,1426,D,1,CEK,32A,158,140,217
331,A,17.08.2019 0:20,SU,1427,D,1,CEK,32A,158,155,217
332,D,17.08.2019 21:40,SU,1430,D,3,BAX,73H,158,135,11
333,A,17.08.2019 7:35,SU,1431,D,3,BAX,73H,158,155,11
334,D,17.08.2019 9:05,SU,1432,D,3,BAX,32A,158,144,14
335,A,17.08.2019 18:35,SU,1433,D,3,BAX,32A,158,157,13
336,D,17.08.2019 1:55,SU,1436,D,1,SVX,32A,158,127,217
337,A,17.08.2019 9:15,SU,1437,D,1,SVX,32A,158,157,88
338,D,17.08.2019 17:25,SU,1440,D,1,IKT,73H,158,132,217
339,A,17.08.2019 6:40,SU,1441,D,1,IKT,73H,158,157,191
340,D,17.08.2019 7:30,SU,1444,D,1,IKT,73H,158,130,206
341,A,17.08.2019 20:40,SU,1445,D,1,IKT,73H,158,157,215
342,D,17.08.2019 23:15,SU,1446,D,3,BAX,32A,158,151,18
343,A,17.08.2019 8:50,SU,1447,D,3,BAX,32A,158,127,1
344,D,17.08.2019 22:20,SU,1458,D,3,NOZ,73H,158,132,18
345,A,17.08.2019 8:25,SU,1459,D,3,NOZ,73H,158,155,16
346,D,17.08.2019 9:10,SU,1460,D,1,OVB,73H,158,147,88
347,A,17.08.2019 18:45,SU,1461,D,1,OVB,73H,158,127,217
348,D,17.08.2019 6:25,SU,1462,D,1,OVB,73H,158,156,205
349,A,17.08.2019 15:55,SU,1463,D,1,OVB,73H,158,157,217
350,D,17.08.2019 1:50,SU,1472,D,3,NJC,73H,158,154,13
351,A,17.08.2019 10:00,SU,1473,D,3,NJC,73H,158,154,12
352,D,17.08.2019 0:10,SU,1478,D,3,ABA,73H,158,151,13
353,A,17.08.2019 10:55,SU,1479,D,3,ABA,73H,158,127,11
354,D,17.08.2019 20:25,SU,1480,D,1,KJA,32A,158,144,192
355,A,17.08.2019 7:10,SU,1481,D,1,KJA,32A,158,158,191
356,D,17.08.2019 7:40,SU,1486,D,1,KJA,73H,158,141,191
357,A,17.08.2019 18:50,SU,1487,D,1,KJA,73H,158,157,205
358,D,17.08.2019 11:40,SU,1490,D,1,SLY,32A,158,115,88
359,A,17.08.2019 18:55,SU,1491,D,1,SLY,32A,158,112,203
360,D,17.08.2019 8:05,SU,1498,D,1,GRV,32A,158,132,191
361,A,17.08.2019 14:50,SU,1499,D,1,GRV,32A,158,158,213
362,D,17.08.2019 8:25,SU,1500,D,1,TJM,32A,158,157,191
363,A,17.08.2019 15:15,SU,1501,D,1,TJM,32A,158,157,89
364,D,17.08.2019 23:40,SU,1502,D,1,TJM,32A,158,127,215
365,A,17.08.2019 6:20,SU,1503,D,1,TJM,32A,158,152,217
366,D,17.08.2019 14:00,SU,1506,D,1,TJM,73H,158,146,213
367,A,17.08.2019 20:55,SU,1507,D,1,TJM,73H,158,149,205
368,D,17.08.2019 21:45,SU,1510,D,1,SGC,32A,158,149,205
369,A,17.08.2019 6:15,SU,1511,D,1,SGC,32A,158,150,89
370,D,17.08.2019 1:35,SU,1512,D,1,SGC,32A,158,127,217
371,A,17.08.2019 9:30,SU,1513,D,1,SGC,32A,158,155,89
372,D,17.08.2019 6:40,SU,1516,D,1,SGC,32A,158,156,190
373,A,17.08.2019 14:00,SU,1517,D,1,SGC,32A,158,152,192
374,D,17.08.2019 1:55,SU,1522,D,1,NUX,32A,158,154,217
375,A,17.08.2019 10:40,SU,1523,D,1,NUX,32A,158,153,190
376,D,17.08.2019 23:05,SU,1530,D,3,TOF,73H,158,143,14
377,A,17.08.2019 8:55,SU,1531,D,3,TOF,73H,158,157,13
378,D,17.08.2019 22:15,SU,1532,D,1,CEK,32A,158,151,191
379,A,17.08.2019 8:00,SU,1533,D,1,CEK,32A,158,152,190
380,D,17.08.2019 17:50,SU,1542,D,1,AAQ,32A,158,136,217
381,A,17.08.2019 0:05,SU,1543,D,1,AAQ,32A,158,146,191
382,D,17.08.2019 8:15,SU,1546,D,1,AAQ,32A,158,152,190
383,A,17.08.2019 13:40,SU,1547,D,1,AAQ,32A,158,147,213
384,D,17.08.2019 20:35,SU,1548,D,1,OVB,73H,158,138,196
385,A,17.08.2019 6:10,SU,1549,D,1,OVB,32A,158,127,192
386,D,17.08.2019 1:05,SU,1562,D,1,IKT,73H,158,146,217
387,A,17.08.2019 14:15,SU,1563,D,1,IKT,73H,158,157,196
388,D,17.08.2019 6:25,SU,1602,D,1,KUF,73H,158,140,210
389,A,17.08.2019 10:50,SU,1603,D,1,KUF,73H,158,135,217
390,D,17.08.2019 16:10,SU,1618,D,1,SIP,32A,158,127,217
391,A,17.08.2019 22:10,SU,1619,D,1,SIP,32A,158,127,190
392,D,17.08.2019 9:15,SU,1620,D,1,SIP,32A,158,155,89
393,A,17.08.2019 15:30,SU,1621,D,1,SIP,32A,158,127,213
394,D,17.08.2019 11:45,SU,1622,D,1,SIP,73H,158,127,190
395,A,17.08.2019 18:15,SU,1623,D,1,SIP,73H,158,127,202
396,D,17.08.2019 14:55,SU,1624,D,1,SIP,32A,158,127,213
397,A,17.08.2019 21:20,SU,1625,D,1,SIP,32A,158,127,205
398,D,17.08.2019 21:00,SU,1626,D,1,SIP,73H,158,151,217
399,A,17.08.2019 5:00,SU,1627,D,1,SIP,73H,158,158,89
400,D,17.08.2019 13:35,SU,1628,D,1,SIP,32A,158,152,191
401,A,17.08.2019 19:50,SU,1629,D,1,SIP,32A,158,127,191
402,D,17.08.2019 1:20,SU,1632,D,1,SIP,32A,158,127,217
403,A,17.08.2019 7:25,SU,1633,D,1,SIP,32A,158,158,190
404,D,17.08.2019 6:10,SU,1636,D,1,SIP,32A,158,153,196
405,A,17.08.2019 12:20,SU,1637,D,1,SIP,32A,158,157,89
406,D,17.08.2019 0:40,SU,1638,D,3,OMS,32A,158,146,13
407,A,17.08.2019 8:35,SU,1639,D,3,OMS,32A,158,127,10
408,D,17.08.2019 6:15,SU,1640,D,3,OMS,73H,158,151,18
409,A,17.08.2019 14:10,SU,1641,D,3,OMS,73H,158,127,11
410,D,17.08.2019 7:25,SU,1644,D,1,SIP,32A,158,127,190
411,A,17.08.2019 13:25,SU,1645,D,1,SIP,32A,158,157,206
412,D,17.08.2019 22:50,SU,1646,D,3,NJC,32A,158,127,16
413,A,17.08.2019 7:00,SU,1647,D,3,NJC,32A,158,158,16
414,D,17.08.2019 12:40,SU,1648,D,1,SIP,32A,158,127,215
415,A,17.08.2019 19:10,SU,1649,D,1,SIP,32A,158,127,202
416,D,17.08.2019 17:25,SU,1658,D,1,SIP,32A,158,127,217
417,A,17.08.2019 23:55,SU,1659,D,1,SIP,32A,158,157,215
418,A,17.08.2019 11:25,SU,1751,D,1,YKS,73H,158,149,89
419,D,17.08.2019 10:00,SU,1758,D,1,VOG,73H,158,127,217
420,A,17.08.2019 14:50,SU,1759,D,1,VOG,73H,158,127,193
421,D,17.08.2019 22:25,SU,1762,D,3,OMS,32A,158,156,11
422,A,17.08.2019 6:25,SU,1763,D,3,OMS,32A,158,127,17
423,D,17.08.2019 15:05,SU,1768,D,1,PEE,32A,158,140,213
424,A,17.08.2019 20:20,SU,1769,D,1,PEE,32A,158,152,192
425,D,17.08.2019 22:45,SU,1844,I,3,KIV,32A,158,141,11
426,D,17.08.2019 9:55,SU,1854,I,5,GYD,73H,158,138,34
427,A,17.08.2019 17:20,SU,1855,I,5,GYD,73H,158,156,37
428,D,17.08.2019 6:30,SU,1858,I,3,EVN,32A,158,151,20
429,A,17.08.2019 13:10,SU,1859,I,3,EVN,32A,158,127,22
430,D,17.08.2019 9:45,SU,1860,I,3,EVN,32A,158,146,11
431,A,17.08.2019 16:45,SU,1861,I,3,EVN,32A,158,127,2
432,D,17.08.2019 2:05,SU,1864,I,3,EVN,32A,158,136,11
433,A,17.08.2019 9:40,SU,1865,I,3,EVN,32A,158,154,11
434,D,17.08.2019 20:40,SU,1868,I,3,EVN,73H,158,154,23
435,A,17.08.2019 4:45,SU,1869,I,3,EVN,73H,158,127,21
436,D,17.08.2019 8:10,SU,1872,I,3,TAS,73H,158,153,19
437,A,17.08.2019 18:15,SU,1873,I,3,TAS,73H,158,156,10
438,D,17.08.2019 22:40,SU,1876,I,3,BHK,32A,158,157,11
439,D,17.08.2019 7:40,SU,1880,I,3,FRU,32A,158,127,11
440,A,17.08.2019 17:50,SU,1881,I,3,FRU,32A,158,153,1
441,D,17.08.2019 20:50,SU,1894,I,3,OSS,73H,158,127,19
442,A,17.08.2019 7:10,SU,1895,I,3,OSS,73H,158,127,1
443,D,17.08.2019 7:45,SU,1940,I,2,ALA,73H,158,150,78
444,A,17.08.2019 18:20,SU,1941,I,2,ALA,73H,158,157,78
445,D,17.08.2019 21:40,SU,1950,I,2,CIT,32A,158,158,78
446,D,17.08.2019 18:05,SU,2002,I,3,WAW,32A,158,115,10
447,A,17.08.2019 23:15,SU,2003,I,3,WAW,32A,158,129,24
448,D,17.08.2019 7:45,SU,2006,I,3,WAW,32A,158,144,11
449,A,17.08.2019 12:50,SU,2007,I,3,WAW,32A,158,153,11
450,D,17.08.2019 7:30,SU,2010,I,5,PRG,73H,158,137,34
451,A,17.08.2019 13:50,SU,2011,I,5,PRG,73H,158,138,38
452,D,17.08.2019 14:55,SU,2014,I,5,PRG,73H,158,145,39
453,A,17.08.2019 21:25,SU,2015,I,3,PRG,73H,158,137,20
454,D,17.08.2019 13:00,SU,2018,I,5,PRG,73H,158,146,39
455,A,17.08.2019 19:30,SU,2019,I,5,PRG,73H,158,146,37
456,D,17.08.2019 10:10,SU,2030,I,2,BUD,32A,158,147,78
457,A,17.08.2019 16:30,SU,2031,I,2,BUD,32A,158,149,78
458,D,17.08.2019 7:05,SU,2032,I,2,BUD,32A,158,148,78
459,A,17.08.2019 13:25,SU,2033,I,3,BUD,32A,158,154,20
460,D,17.08.2019 9:55,SU,2054,I,3,TIV,73H,158,147,11
461,A,17.08.2019 17:30,SU,2055,I,5,TIV,73H,158,127,10
462,D,17.08.2019 8:15,SU,2060,I,2,SOF,32A,158,151,80
463,A,17.08.2019 15:35,SU,2061,I,2,SOF,32A,158,127,78
464,D,17.08.2019 14:15,SU,2074,I,5,LCA,73H,158,153,35
465,A,17.08.2019 23:15,SU,2075,I,3,LCA,73H,158,154,25
466,D,17.08.2019 20:15,SU,2092,I,2,BEG,32A,158,133,78
467,D,17.08.2019 17:20,SU,2096,I,3,BEG,73H,158,131,11
468,A,17.08.2019 0:10,SU,2097,I,3,BEG,73H,158,137,22
469,D,17.08.2019 8:45,SU,2106,I,5,TLL,73H,158,134,34
470,A,17.08.2019 13:10,SU,2107,I,5,TLL,73H,158,141,37
471,A,17.08.2019 6:35,SU,2109,I,5,VNO,32A,158,58,2
472,D,17.08.2019 14:30,SU,2122,I,3,HER,73H,158,157,22
473,A,17.08.2019 23:55,SU,2123,I,3,HER,73H,158,152,26
474,D,17.08.2019 7:50,SU,2130,I,2,IST,73H,158,149,78
475,A,17.08.2019 16:00,SU,2131,I,2,IST,73H,158,151,80
476,A,17.08.2019 6:05,SU,2135,I,3,IST,73H,158,147,20
477,D,17.08.2019 10:00,SU,2136,I,3,IST,32A,158,114,19
478,A,17.08.2019 18:25,SU,2137,I,2,IST,32A,158,124,80
479,D,17.08.2019 17:40,SU,2138,I,2,IST,73H,158,134,77
480,A,17.08.2019 4:05,SU,2139,I,3,IST,73H,158,147,24
481,D,17.08.2019 11:20,SU,2152,I,3,DUS,32A,158,158,11
482,A,17.08.2019 18:50,SU,2153,I,3,DUS,32A,158,143,1
483,D,17.08.2019 14:25,SU,2154,I,3,DUS,32A,158,156,11
484,A,17.08.2019 21:50,SU,2155,I,3,DUS,32A,158,143,22
485,D,17.08.2019 15:55,SU,2156,I,3,BOJ,32A,158,115,11
486,A,17.08.2019 23:50,SU,2157,I,3,BOJ,32A,158,127,21
487,D,17.08.2019 8:15,SU,2168,I,5,BRU,73H,158,148,34
488,A,17.08.2019 16:10,SU,2169,I,5,BRU,73H,158,136,37
489,D,17.08.2019 10:20,SU,2174,I,5,OSL,32A,158,149,10
490,A,17.08.2019 16:40,SU,2175,I,5,OSL,32A,158,149,38
491,D,17.08.2019 10:25,SU,2210,I,3,ARN,73H,158,157,19
492,A,17.08.2019 15:50,SU,2211,I,3,ARN,73H,158,132,11
493,D,17.08.2019 9:20,SU,2312,I,3,SXF,32A,158,156,11
494,A,17.08.2019 15:45,SU,2313,I,3,SXF,32A,158,149,19
495,D,17.08.2019 15:25,SU,2314,I,3,SXF,32A,158,158,23
496,A,17.08.2019 21:45,SU,2315,I,3,SXF,32A,158,154,19
497,D,17.08.2019 19:35,SU,2316,I,3,SXF,32A,158,158,24
498,A,17.08.2019 4:00,SU,2317,I,3,SXF,32A,158,153,20
499,D,17.08.2019 11:20,SU,2318,I,3,SXF,32A,158,146,11
500,A,17.08.2019 18:00,SU,2319,I,3,SXF,32A,158,150,11
501,D,17.08.2019 6:50,SU,2320,I,3,MUC,32A,158,148,19
502,A,17.08.2019 14:15,SU,2321,I,3,MUC,32A,158,155,1
503,D,17.08.2019 14:30,SU,2326,I,3,MUC,32A,158,127,11
504,A,17.08.2019 21:40,SU,2327,I,3,MUC,32A,158,154,11
505,D,17.08.2019 10:55,SU,2336,I,3,STR,73H,158,141,19
506,A,17.08.2019 18:35,SU,2337,I,3,STR,73H,158,152,24
507,D,17.08.2019 19:00,SU,2338,I,3,STR,32A,158,152,22
508,A,17.08.2019 2:50,SU,2339,I,3,STR,32A,158,158,11
509,D,17.08.2019 10:45,SU,2342,I,3,HAJ,32A,158,152,19
510,A,17.08.2019 17:45,SU,2343,I,3,HAJ,32A,158,148,25
511,D,17.08.2019 16:45,SU,2352,I,3,VIE,32A,158,155,11
512,A,17.08.2019 23:25,SU,2353,I,5,VIE,32A,158,151,34
513,D,17.08.2019 20:00,SU,2354,I,5,VIE,73H,158,139,10
514,A,17.08.2019 4:10,SU,2355,I,5,VIE,73H,158,147,39
515,D,17.08.2019 12:00,SU,2356,I,3,VIE,73H,158,141,1
516,A,17.08.2019 18:40,SU,2357,I,5,VIE,73H,158,148,35
517,D,17.08.2019 20:00,SU,2376,I,5,LYS,32A,158,153,34
518,D,17.08.2019 10:20,SU,2418,I,3,FCO,73H,158,153,19
519,A,17.08.2019 19:10,SU,2419,I,3,FCO,73H,158,134,11
520,D,17.08.2019 19:45,SU,2422,I,5,VCE,73H,158,127,38
521,D,17.08.2019 20:05,SU,2428,I,3,BLQ,73H,158,143,19
522,A,17.08.2019 4:25,SU,2429,I,5,BLQ,73H,158,106,38
523,D,17.08.2019 19:30,SU,2436,I,3,DUS,32A,158,154,11
524,A,17.08.2019 10:30,SU,2437,I,3,DUS,32A,158,142,19
525,D,17.08.2019 8:00,SU,2480,I,3,NAP,73H,158,158,19
526,A,17.08.2019 17:00,SU,2481,I,3,NAP,73H,158,136,5
527,D,17.08.2019 19:50,SU,2496,I,5,CPH,73H,158,131,35
528,A,17.08.2019 3:35,SU,2497,I,5,CPH,73H,158,121,39
529,D,17.08.2019 9:00,SU,2502,I,2,VLC,73H,158,137,78
530,A,17.08.2019 19:35,SU,2503,I,2,VLC,73H,158,150,80
531,D,17.08.2019 12:05,SU,2518,I,3,PMI,32A,158,146,11
532,A,17.08.2019 22:35,SU,2519,I,3,PMI,32A,158,156,20
533,D,17.08.2019 18:00,SU,2528,I,5,AGP,73H,158,143,38
534,A,17.08.2019 5:50,SU,2529,I,5,AGP,73H,158,143,37
535,D,17.08.2019 18:25,SU,2534,I,5,OSL,73H,158,150,39
536,A,17.08.2019 0:35,SU,2535,I,3,OSL,73H,158,93,10
537,D,17.08.2019 7:35,SU,2536,I,3,DUS,32A,158,156,25
538,A,17.08.2019 14:55,SU,2537,I,3,DUS,32A,158,137,22
539,A,17.08.2019 4:30,SU,2585,I,3,LHR,73H,158,156,23
540,D,17.08.2019 19:35,SU,2590,I,5,DUB,32A,158,147,39
541,D,17.08.2019 19:30,SU,2606,I,2,LIS,73H,158,141,77
542,A,17.08.2019 16:10,SU,2607,I,3,LIS,73H,158,149,5
543,D,17.08.2019 11:00,SU,2612,I,3,MXP,73H,158,157,1
544,A,17.08.2019 19:25,SU,2613,I,3,MXP,73H,158,143,22
545,D,17.08.2019 19:50,SU,2618,I,5,BRU,73H,158,150,35
546,A,17.08.2019 3:55,SU,2619,I,5,BRU,32A,158,114,10
547,D,17.08.2019 10:00,SU,2620,I,3,AGP,73H,158,142,19
548,A,17.08.2019 21:55,SU,2621,I,3,AGP,73H,158,127,23
549,D,17.08.2019 14:50,SU,2628,I,5,BRU,73H,158,157,35
550,A,17.08.2019 22:50,SU,2629,I,5,BRU,73H,158,126,34
551,D,17.08.2019 15:30,SU,2656,I,3,FRA,73H,158,157,20
552,A,17.08.2019 23:10,SU,2657,I,3,FRA,73H,158,153,3
553,D,17.08.2019 10:20,SU,2658,I,5,CPH,73H,158,154,34
554,A,17.08.2019 16:30,SU,2659,I,5,CPH,73H,158,126,10
555,D,17.08.2019 7:15,SU,2684,I,3,SXF,73H,158,151,26
556,A,17.08.2019 13:30,SU,2685,I,3,SXF,73H,158,142,19
557,D,17.08.2019 14:35,SU,2694,I,5,AMS,32A,158,152,35
558,A,17.08.2019 22:40,SU,2695,I,5,AMS,32A,158,145,37
559,D,17.08.2019 14:40,VN,62,I,3,HAN,789,274,274,20
560,A,17.08.2019 6:45,VN,63,I,3,HAN,789,274,220,23
561,D,17.08.2019 9:20,SU,100,I,3,JFK,77W,402,398,20
562,A,17.08.2019 6:25,SU,101,I,3,JFK,77W,402,298,19
563,D,17.08.2019 14:15,SU,102,I,3,JFK,77W,402,385,23
564,A,17.08.2019 11:45,SU,103,I,3,JFK,77W,402,337,19
565,D,17.08.2019 12:00,SU,106,I,3,LAX,77W,402,391,20
566,A,17.08.2019 13:20,SU,107,I,3,LAX,77W,402,337,23
567,D,17.08.2019 12:30,SU,200,I,3,PEK,77W,402,400,23
568,A,17.08.2019 5:35,SU,201,I,2,PEK,77W,402,374,48
569,D,17.08.2019 21:20,SU,204,I,3,PEK,77W,402,394,20
570,A,17.08.2019 14:45,SU,205,I,3,PEK,77W,402,386,23
571,D,17.08.2019 9:30,SU,206,I,2,PVG,77W,402,378,55
572,A,17.08.2019 5:45,SU,207,I,3,PVG,77W,402,379,23
573,D,17.08.2019 20:05,SU,208,I,2,PVG,77W,402,379,48
574,A,17.08.2019 16:20,SU,209,I,2,PVG,77W,402,373,58
575,D,17.08.2019 19:20,SU,212,I,2,HKG,77W,402,377,48
576,A,17.08.2019 16:40,SU,213,I,2,HKG,77W,402,371,48
577,D,17.08.2019 20:45,SU,250,I,3,ICN,77W,402,394,24
578,A,17.08.2019 16:30,SU,251,I,3,ICN,77W,402,320,23
579,D,17.08.2019 19:00,SU,260,I,3,NRT,77W,402,370,26
580,A,17.08.2019 16:05,SU,263,I,3,NRT,77W,402,386,20
581,D,17.08.2019 19:25,SU,290,I,3,HAN,77W,402,350,26
582,A,17.08.2019 16:35,SU,291,I,3,HAN,77W,402,398,24
583,D,17.08.2019 8:50,SU,502,I,3,TLV,77W,402,393,19
584,A,17.08.2019 18:45,SU,503,I,3,TLV,77W,402,386,20
585,A,17.08.2019 4:40,SU,505,I,3,TLV,77W,402,386,25
586,D,17.08.2019 15:40,SU,1700,D,3,VVO,77W,402,399,12
587,A,17.08.2019 10:15,SU,1701,D,3,VVO,77W,402,322,14
588,D,17.08.2019 17:15,SU,1710,D,3,KHV,77W,402,396,17
589,A,17.08.2019 10:35,SU,1711,D,3,KHV,77W,402,400,17
590,D,17.08.2019 16:45,SU,1730,D,3,PKC,77W,402,394,17
591,A,17.08.2019 12:40,SU,1731,D,3,PKC,77W,402,379,16
592,D,17.08.2019 9:10,SU,2550,I,2,AMS,77W,402,320,55
593,A,17.08.2019 17:45,SU,2551,I,2,AMS,77W,402,256,48
594,D,17.08.2019 9:35,SU,104,I,3,IAD,333,302,292,23
595,D,17.08.2019 18:50,SU,232,I,2,DEL,333,302,280,59
596,A,17.08.2019 9:05,SU,233,I,3,DEL,333,302,282,19
597,A,17.08.2019 5:25,SU,235,I,3,DEL,333,302,285,20
598,D,17.08.2019 21:25,SU,1442,D,3,IKT,333,302,264,17
599,A,17.08.2019 11:00,SU,1443,D,3,IKT,333,302,285,13
600,D,17.08.2019 20:35,SU,1702,D,3,VVO,333,302,296,16
601,A,17.08.2019 15:50,SU,1703,D,3,VVO,333,302,299,18
602,D,17.08.2019 8:55,SU,2380,I,2,GVA,333,302,209,48
603,A,17.08.2019 17:25,SU,2381,I,2,GVA,333,302,161,46
604,D,17.08.2019 12:15,SU,2548,I,5,TFS,333,302,271,37
605,D,17.08.2019 11:00,SU,110,I,3,MIA,332,229,214,19
606,A,17.08.2019 12:15,SU,111,I,3,MIA,332,229,188,23
607,D,17.08.2019 7:10,SU,150,I,3,HAV,332,229,190,23
608,A,17.08.2019 9:00,SU,151,I,3,HAV,332,229,225,23
609,D,17.08.2019 15:05,SU,234,I,3,DEL,332,229,217,24
610,D,17.08.2019 18:35,SU,330,I,3,ULN,332,229,171,24
611,A,17.08.2019 8:40,SU,331,I,3,ULN,332,229,204,23
612,D,17.08.2019 19:40,SU,122,I,3,JFK,333,296,285,26
613,A,17.08.2019 17:20,SU,123,I,3,JFK,333,296,252,24
614,D,17.08.2019 15:35,SU,202,I,3,PEK,333,296,281,22
615,A,17.08.2019 8:55,SU,203,I,3,PEK,333,296,254,19
616,D,17.08.2019 19:05,SU,220,I,2,CAN,333,296,258,48
617,A,17.08.2019 16:25,SU,221,I,2,CAN,333,296,281,55
618,D,17.08.2019 8:00,SU,252,I,3,ICN,333,296,294,20
619,A,17.08.2019 5:15,SU,253,I,3,ICN,333,296,266,22
620,D,17.08.2019 19:10,SU,270,I,3,BKK,333,296,254,20
621,A,17.08.2019 16:00,SU,271,I,2,BKK,333,296,237,46
622,D,17.08.2019 18:50,SU,274,I,2,HKT,333,296,172,59
623,A,17.08.2019 16:45,SU,275,I,2,HKT,333,296,293,49
624,D,17.08.2019 21:55,SU,320,I,2,MLE,333,296,246,55
625,A,17.08.2019 17:15,SU,321,I,2,MLE,333,296,237,50
626,D,17.08.2019 18:40,SU,504,I,3,TLV,333,296,286,22
627,D,17.08.2019 1:00,SU,1482,D,3,KJA,333,296,278,13
628,A,17.08.2019 12:05,SU,1483,D,3,KJA,333,296,237,14
629,D,17.08.2019 20:45,SU,1870,I,3,TAS,333,296,288,22
630,A,17.08.2019 7:05,SU,1871,I,3,TAS,333,296,293,20
631,A,17.08.2019 4:20,SU,2549,I,2,TFS,333,296,290,48
632,D,17.08.2019 9:50,SU,2578,I,3,LHR,333,296,223,24
633,A,17.08.2019 19:10,SU,2579,I,3,LHR,333,296,292,20
634,D,17.08.2019 7:00,N4,123,D,3,SIP,73H,189,152,18
635,A,17.08.2019 13:10,N4,124,D,3,SIP,73H,189,152,13
636,D,17.08.2019 16:05,N4,133,D,3,SIP,73H,189,152,14
637,A,17.08.2019 22:30,N4,134,D,3,SIP,73H,189,152,17
638,D,17.08.2019 19:50,N4,161,D,3,KRR,73H,189,133,13
639,A,17.08.2019 9:40,N4,162,D,3,KRR,73H,189,181,17
640,D,17.08.2019 23:55,N4,171,I,2,KSQ,73H,189,184,58
641,A,17.08.2019 5:35,EO,174,D,3,SVX,73H,189,149,1
642,D,17.08.2019 23:35,EO,179,D,3,CEK,73H,189,158,13
643,A,17.08.2019 5:45,EO,180,D,3,CEK,73H,189,174,17
644,D,17.08.2019 8:40,N4,183,D,3,MRV,73H,189,152,13
645,A,17.08.2019 14:25,N4,184,D,3,MRV,73H,189,152,16
646,D,17.08.2019 23:45,N4,185,D,3,KZN,73H,189,152,13
647,D,17.08.2019 10:40,N4,203,I,2,FEG,73H,189,185,55
648,A,17.08.2019 21:10,N4,204,I,2,FEG,73H,189,168,48
649,D,17.08.2019 23:40,N4,211,D,3,YKS,73H,189,105,13
650,D,17.08.2019 17:40,N4,225,D,3,AER,73H,189,130,1
651,A,17.08.2019 23:20,N4,226,D,3,AER,73H,189,152,13
652,D,17.08.2019 7:25,EO,229,D,3,AER,73H,189,120,17
653,A,17.08.2019 21:45,EO,230,D,3,AER,73H,189,152,16
654,D,17.08.2019 11:40,N4,245,D,3,AER,73H,189,185,13
655,A,17.08.2019 17:35,N4,246,D,3,AER,73H,189,169,13
656,D,17.08.2019 10:30,N4,277,I,2,EVN,73H,189,168,55
657,A,17.08.2019 17:50,N4,278,I,2,EVN,73H,189,186,55
658,D,17.08.2019 0:45,N4,279,D,3,UFA,73H,189,152,13
659,A,17.08.2019 6:05,N4,280,D,3,UFA,73H,189,152,16
660,A,17.08.2019 10:10,N4,294,D,3,KJA,73H,189,167,16
661,D,17.08.2019 14:35,N4,377,I,2,EVN,73H,189,169,48
662,A,17.08.2019 21:30,N4,378,I,2,EVN,73H,189,152,78
663,D,17.08.2019 0:45,N4,477,I,2,EVN,73H,189,158,78
664,A,17.08.2019 7:50,N4,478,I,2,EVN,73H,189,180,58
665,D,17.08.2019 10:45,N4,523,D,3,SIP,73H,189,152,11
666,A,17.08.2019 16:55,N4,524,D,3,SIP,73H,189,152,17
667,D,17.08.2019 1:25,N4,541,D,3,OMS,73H,189,152,13
668,A,17.08.2019 9:35,N4,542,D,3,OMS,73H,189,152,13
669,D,17.08.2019 6:55,EO,615,D,3,AER,73H,189,170,13
670,A,17.08.2019 20:00,EO,616,D,3,AER,73H,189,183,17
671,D,17.08.2019 23:25,N4,633,D,3,SIP,73H,189,145,16
672,A,17.08.2019 5:40,N4,634,D,3,SIP,73H,189,152,13
673,D,17.08.2019 10:10,N4,701,I,2,JED,73H,189,38,80
674,A,17.08.2019 5:30,N4,730,D,3,REN,73H,189,166,16
675,A,17.08.2019 16:15,OK,894,I,2,PRG,73H,189,172,59
676,D,17.08.2019 17:05,OK,895,I,2,PRG,73H,189,171,50
677,A,17.08.2019 3:05,OK,898,I,2,PRG,73H,189,183,48
678,D,17.08.2019 7:10,OK,899,I,2,PRG,73H,189,170,59
679,D,17.08.2019 8:20,FV,6137,D,3,KRR,73H,189,95,13
680,A,17.08.2019 13:55,FV,6138,D,3,KRR,73H,189,188,17
681,D,17.08.2019 9:25,FV,6139,I,3,NCE,73H,189,155,1
682,A,17.08.2019 18:20,FV,6140,I,3,NCE,73H,189,132,25
683,D,17.08.2019 22:10,FV,6141,D,3,SIP,73H,189,40,11
684,A,17.08.2019 14:30,FV,6142,D,3,SIP,73H,189,189,13
685,D,17.08.2019 17:00,FV,6157,D,3,SIP,73H,189,189,14
686,A,17.08.2019 9:45,FV,6158,D,3,SIP,73H,189,188,16
687,D,17.08.2019 8:40,FV,6161,D,3,KGD,73H,189,130,16
688,A,17.08.2019 13:35,FV,6162,D,3,KGD,73H,189,167,16
689,D,17.08.2019 23:25,FV,6163,D,3,KGD,73H,189,157,1
690,A,17.08.2019 8:10,FV,6164,D,3,KGD,73H,189,185,17
691,D,17.08.2019 0:40,FV,6167,D,3,REN,73H,189,125,13
692,A,17.08.2019 6:05,FV,6168,D,3,REN,73H,189,133,14
693,D,17.08.2019 19:25,FV,6171,D,3,REN,73H,189,99,13
694,A,17.08.2019 7:15,FV,6172,D,3,REN,73H,189,142,17
695,D,17.08.2019 17:20,FV,6183,D,3,ROV,73H,189,122,18
696,A,17.08.2019 22:20,FV,6184,D,3,ROV,73H,189,184,16
697,D,17.08.2019 16:05,FV,6185,D,3,AER,73H,189,153,16
698,A,17.08.2019 22:20,FV,6186,D,3,AER,73H,189,152,13
699,D,17.08.2019 9:25,FV,6187,D,3,MRV,73H,189,186,17
700,A,17.08.2019 15:20,FV,6188,D,3,MRV,73H,189,185,13
701,D,17.08.2019 15:30,FV,6191,D,3,ROV,73H,189,107,17
702,A,17.08.2019 20:35,FV,6192,D,3,ROV,73H,189,150,16
703,D,17.08.2019 22:55,FV,6193,D,3,ROV,73H,189,120,14
704,A,17.08.2019 4:50,FV,6194,D,3,ROV,73H,189,149,13
705,D,17.08.2019 10:50,FV,6637,I,3,ORY,73H,189,177,19
706,A,17.08.2019 20:05,FV,6638,I,3,ORY,73H,189,133,20
707,D,17.08.2019 13:25,RL,7515,I,2,CFU,738,189,152,78
708,D,17.08.2019 0:50,RL,7537,I,2,LCA,738,189,152,78
709,A,17.08.2019 9:20,RL,7538,I,2,LCA,738,189,152,80
710,D,17.08.2019 14:45,RL,7545,I,2,GZP,738,189,177,48
711,D,17.08.2019 0:50,RL,7745,I,2,PMI,738,189,188,48
712,A,17.08.2019 11:05,RL,7746,I,2,PMI,738,189,182,48
713,D,17.08.2019 18:20,EO,147,D,3,LED,73J,209,206,17
714,A,17.08.2019 22:05,EO,148,D,3,LED,73J,209,175,14
715,D,17.08.2019 23:30,EO,173,D,3,SVX,73J,209,170,17
716,D,17.08.2019 7:15,EO,177,D,3,LED,73J,209,184,15
717,A,17.08.2019 10:50,EO,178,D,3,LED,73J,209,189,13
718,D,17.08.2019 11:50,EO,187,D,3,ROV,73J,209,165,16
719,A,17.08.2019 16:10,EO,188,D,3,ROV,73J,209,195,13
720,A,17.08.2019 8:00,D2,151,D,1,CEE,SU9,100,31,206
721,D,17.08.2019 9:05,D2,152,D,1,CEE,SU9,100,27,89
722,A,17.08.2019 20:55,D2,153,D,1,CEE,SU9,100,29,210
723,D,17.08.2019 21:55,D2,154,D,1,CEE,SU9,100,24,203
724,A,17.08.2019 9:15,AY,711,I,3,HEL,E90,100,72,1
725,D,17.08.2019 10:00,AY,712,I,3,HEL,E90,100,98,11
726,A,17.08.2019 19:20,AY,713,I,3,HEL,E90,100,99,1
727,D,17.08.2019 20:30,AY,714,I,3,HEL,E90,100,91,20
728,A,17.08.2019 12:50,AY,715,I,3,HEL,E90,100,67,1
729,D,17.08.2019 13:35,AY,716,I,3,HEL,E90,100,80,2
730,A,17.08.2019 1:35,AY,719,I,3,HEL,E90,100,100,19
731,D,17.08.2019 5:00,AY,720,I,3,HEL,E90,100,100,25
732,D,17.08.2019 13:30,EO,167,D,3,LED,E90,110,105,14
733,A,17.08.2019 16:55,EO,168,D,3,LED,E90,110,87,16
734,A,17.08.2019 6:10,EO,186,D,3,KZN,E90,110,83,13
735,D,17.08.2019 23:55,EO,189,D,3,NBC,E90,110,94,13
736,A,17.08.2019 6:00,EO,190,D,3,NBC,E90,110,70,1
737,A,17.08.2019 6:00,EO,198,D,3,LED,E90,110,86,11
738,D,17.08.2019 23:30,EO,201,D,3,PEE,E90,110,96,11
739,A,17.08.2019 5:15,EO,202,D,3,PEE,E90,110,108,14
740,D,17.08.2019 7:10,EO,227,D,3,VOG,E90,110,86,14
741,A,17.08.2019 11:35,EO,228,D,3,VOG,E90,110,88,10
742,D,17.08.2019 7:05,EO,337,D,3,CSY,E90,110,97,2
743,A,17.08.2019 10:30,EO,338,D,3,CSY,E90,110,89,10
744,D,17.08.2019 7:00,EO,339,D,3,MQF,E90,110,97,2
745,A,17.08.2019 20:15,EO,340,D,3,MQF,E90,110,97,13
746,D,17.08.2019 17:00,EO,389,D,3,NBC,E90,110,94,16
747,A,17.08.2019 21:35,EO,390,D,3,NBC,E90,110,103,13
748,D,17.08.2019 7:15,EO,529,D,3,REN,E90,110,81,12
749,A,17.08.2019 12:25,EO,530,D,3,REN,E90,110,100,10
750,D,17.08.2019 0:30,EO,563,D,3,OSW,E90,110,64,2
751,A,17.08.2019 6:15,EO,564,D,3,OSW,E90,110,72,5
752,D,17.08.2019 7:05,EO,645,D,3,RTW,E90,110,92,16
753,A,17.08.2019 21:45,EO,646,D,3,RTW,E90,110,68,1
754,D,17.08.2019 23:55,EO,729,D,3,REN,E90,110,94,11
755,D,17.08.2019 18:10,BA,234,I,5,LHR,321,154,148,35
756,A,17.08.2019 16:50,BA,235,I,5,LHR,321,154,136,34
757,A,17.08.2019 16:20,SU,260,I,3,CDG,32B,183,170,25
758,D,17.08.2019 20:45,SU,400,I,2,CAI,32B,183,121,78
759,A,17.08.2019 7:25,SU,401,I,3,CAI,32B,183,177,23
760,D,17.08.2019 1:35,SU,500,I,3,TLV,32B,183,181,19
761,A,17.08.2019 12:00,SU,501,I,3,TLV,32B,183,176,19
762,D,17.08.2019 13:20,SU,508,I,3,TLV,32B,183,177,22
763,A,17.08.2019 23:05,SU,509,I,3,TLV,32B,183,171,19
764,D,17.08.2019 7:45,SU,1138,D,1,AER,32B,183,171,114
765,A,17.08.2019 13:40,SU,1139,D,1,AER,32B,183,147,191
766,D,17.08.2019 9:15,SU,1190,D,1,KZN,32B,183,167,114
767,A,17.08.2019 13:15,SU,1191,D,1,KZN,32B,183,77,88
768,D,17.08.2019 19:20,SU,1194,D,1,KZN,32B,183,122,217
769,A,17.08.2019 23:40,SU,1195,D,1,KZN,32B,183,47,190
770,D,17.08.2019 22:15,SU,1198,D,1,KZN,32B,183,174,114
771,D,17.08.2019 15:10,SU,1324,D,1,MMK,32B,183,181,114
772,A,17.08.2019 21:05,SU,1325,D,1,MMK,32B,183,167,114
773,D,17.08.2019 21:25,SU,1450,D,3,KEJ,32B,183,174,13
774,A,17.08.2019 7:15,SU,1451,D,3,KEJ,32B,183,182,13
775,D,17.08.2019 0:55,SU,1536,D,3,TOF,32B,183,171,13
776,A,17.08.2019 10:25,SU,1537,D,3,TOF,32B,183,180,18
777,D,17.08.2019 16:15,SU,1862,I,3,EVN,32B,183,182,26
778,A,17.08.2019 23:20,SU,1863,I,3,EVN,32B,183,182,23
779,D,17.08.2019 23:40,SU,1866,I,3,EVN,32B,183,138,11
780,A,17.08.2019 7:05,SU,1867,I,3,EVN,32B,183,147,10
781,D,17.08.2019 21:45,SU,1882,I,3,FRU,32B,183,183,19
782,A,17.08.2019 7:40,SU,1883,I,3,FRU,32B,183,169,19
783,A,17.08.2019 0:15,SU,1897,I,3,EVN,32B,183,147,11
784,A,17.08.2019 6:55,SU,1937,I,2,KGF,32B,183,171,48
785,D,17.08.2019 0:55,SU,1942,I,2,ALA,32B,183,173,48
786,A,17.08.2019 11:10,SU,1943,I,2,ALA,32B,183,182,55
787,D,17.08.2019 21:00,SU,1946,I,3,ALA,32B,183,176,19
788,A,17.08.2019 7:35,SU,1947,I,2,ALA,32B,183,183,55
789,D,17.08.2019 23:50,SU,1956,I,2,TSE,32B,183,179,59
790,A,17.08.2019 8:05,SU,1957,I,2,TSE,32B,183,156,78
791,D,17.08.2019 10:10,SU,2012,I,5,PRG,32B,183,156,34
792,A,17.08.2019 16:35,SU,2013,I,2,PRG,32B,183,145,77
793,D,17.08.2019 19:15,SU,2016,I,5,PRG,32B,183,139,35
794,A,17.08.2019 4:30,SU,2017,I,5,PRG,32B,183,159,37
795,D,17.08.2019 17:00,SU,2024,I,5,PRG,32B,183,156,35
796,A,17.08.2019 23:25,SU,2025,I,3,PRG,32B,183,148,1
797,A,17.08.2019 0:25,SU,2047,I,3,SPU,32B,183,159,1
798,D,17.08.2019 16:45,SU,2048,I,3,SPU,32B,183,180,20
799,A,17.08.2019 23:55,SU,2049,I,3,SPU,32B,183,147,11
800,D,17.08.2019 6:55,SU,2052,I,3,TIV,32B,183,178,19
801,A,17.08.2019 14:45,SU,2053,I,3,TIV,32B,183,147,19
802,D,17.08.2019 8:05,SU,2110,I,2,ATH,32B,183,166,48
803,A,17.08.2019 17:15,SU,2111,I,2,ATH,32B,183,174,59
804,D,17.08.2019 19:25,SU,2112,I,2,ATH,32B,183,130,80
805,A,17.08.2019 4:20,SU,2113,I,2,ATH,32B,183,161,58
806,A,17.08.2019 0:25,SU,2125,I,3,SKG,32B,183,165,23
807,D,17.08.2019 10:50,SU,2126,I,5,HER,32B,183,147,34
808,A,17.08.2019 20:35,SU,2127,I,5,HER,32B,183,176,37
809,D,17.08.2019 9:35,SU,2142,I,2,AYT,32B,183,168,55
810,A,17.08.2019 18:10,SU,2143,I,3,AYT,32B,183,170,23
811,D,17.08.2019 9:05,SU,2184,I,5,VIE,32B,183,173,39
812,A,17.08.2019 15:40,SU,2185,I,5,VIE,32B,183,178,34
813,D,17.08.2019 19:45,SU,2192,I,5,AMS,32B,183,172,35
814,A,17.08.2019 4:25,SU,2193,I,3,AMS,32B,183,132,11
815,D,17.08.2019 7:55,SU,2306,I,3,FRA,32B,183,178,24
816,A,17.08.2019 15:35,SU,2307,I,3,FRA,32B,183,179,20
817,D,17.08.2019 17:55,SU,2382,I,2,GVA,32B,183,145,81
818,A,17.08.2019 2:10,SU,2383,I,3,GVA,32B,183,146,10
819,D,17.08.2019 9:50,SU,2390,I,2,ZRH,32B,183,182,48
820,A,17.08.2019 18:00,SU,2391,I,2,ZRH,32B,183,178,55
821,D,17.08.2019 19:55,SU,2414,I,3,MXP,32B,183,172,26
822,A,17.08.2019 5:00,SU,2415,I,3,MXP,32B,183,166,24
823,D,17.08.2019 7:35,SU,2452,I,3,CDG,32B,183,176,22
824,D,17.08.2019 10:05,SU,2454,I,3,CDG,32B,183,160,19
825,A,17.08.2019 18:55,SU,2455,I,3,CDG,32B,183,135,19
826,D,17.08.2019 11:45,SU,2462,I,3,CDG,32B,183,175,20
827,A,17.08.2019 20:35,SU,2463,I,3,CDG,32B,183,138,23
828,D,17.08.2019 6:40,SU,2500,I,3,MAD,32B,183,177,25
829,A,17.08.2019 17:50,SU,2501,I,3,MAD,32B,183,175,19
830,D,17.08.2019 19:20,SU,2512,I,3,BCN,32B,183,176,25
831,A,17.08.2019 5:35,SU,2513,I,3,BCN,32B,183,170,25
832,D,17.08.2019 12:10,SU,2514,I,3,BCN,32B,183,180,19
833,A,17.08.2019 22:15,SU,2515,I,3,BCN,32B,183,176,19
834,D,17.08.2019 11:00,SU,2522,I,3,ALC,32B,183,183,23
835,A,17.08.2019 22:05,SU,2523,I,3,ALC,32B,183,173,23
836,D,17.08.2019 13:40,SU,2582,I,3,LHR,32B,183,181,20
837,A,17.08.2019 23:10,SU,2583,I,3,LHR,32B,183,175,20
838,D,17.08.2019 8:35,SU,2602,I,3,MAD,32B,183,143,19
839,A,17.08.2019 20:00,SU,2603,I,3,MAD,32B,183,140,22
840,D,17.08.2019 18:15,SU,2604,I,3,MAD,32B,183,168,25
841,A,17.08.2019 5:25,SU,2605,I,3,MAD,32B,183,170,19
842,D,17.08.2019 7:20,SU,2638,I,3,BCN,32B,183,180,20
843,A,17.08.2019 17:35,SU,2639,I,3,BCN,32B,183,181,23
844,D,17.08.2019 9:35,SU,2648,I,3,BCN,32B,183,182,22
845,A,17.08.2019 19:50,SU,2649,I,3,BCN,32B,183,180,19
846,D,17.08.2019 19:10,SU,263,I,3,LHR,321,170,162,19
847,A,17.08.2019 7:15,SU,1853,I,5,GYD,321,170,157,34
848,D,17.08.2019 9:55,SU,2072,I,5,LCA,321,170,154,34
849,A,17.08.2019 18:45,SU,2073,I,5,LCA,321,170,169,37
850,D,17.08.2019 8:30,SU,2104,I,5,VNO,321,170,137,34
851,A,17.08.2019 12:40,SU,2105,I,5,VNO,321,170,147,37
852,D,17.08.2019 16:15,SU,2124,I,3,SKG,321,170,136,11
853,D,17.08.2019 20:15,SU,2144,I,2,AYT,321,170,114,78
854,A,17.08.2019 5:25,SU,2145,I,2,AYT,321,170,131,80
855,D,17.08.2019 8:30,SU,2202,I,3,HEL,321,170,158,19
856,A,17.08.2019 13:05,SU,2203,I,3,HEL,321,170,113,11
857,D,17.08.2019 13:55,SU,2360,I,5,NCE,321,170,136,38
858,A,17.08.2019 22:40,SU,2361,I,5,NCE,321,170,160,10
859,A,17.08.2019 4:15,SU,2453,I,3,CDG,321,170,134,22
860,D,17.08.2019 19:35,SU,2460,I,3,CDG,321,170,166,23
861,D,17.08.2019 10:05,SU,2470,I,5,NCE,321,170,157,34
862,A,17.08.2019 18:55,SU,2471,I,5,NCE,321,170,162,39
863,D,17.08.2019 7:05,SU,2580,I,3,LHR,321,170,146,1
864,A,17.08.2019 16:35,SU,2581,I,3,LHR,321,170,161,22
865,A,17.08.2019 13:05,KC,275,I,5,ALA,32N,162,130,34
866,D,17.08.2019 14:00,KC,276,I,5,ALA,32Q,162,146,38
867,A,17.08.2019 8:50,KC,893,I,5,TSE,32N,162,111,34
868,D,17.08.2019 9:50,KC,894,I,5,TSE,32N,162,103,34
869,D,17.08.2019 21:55,EO,301,D,3,BQS,763,290,137,16
870,A,17.08.2019 12:45,EO,440,I,2,TYN,763,290,285,48
871,D,17.08.2019 17:55,EO,443,I,2,SJW,763,290,289,55
872,D,17.08.2019 12:10,EO,453,I,2,CAN,763,290,232,55
873,A,17.08.2019 12:55,EO,496,I,2,LHW,763,290,249,55
874,A,17.08.2019 15:50,N4,302,D,3,BQS,772,440,185,17
875,D,17.08.2019 1:25,N4,1611,I,2,HER,772,440,437,48
876,A,17.08.2019 10:45,N4,1612,I,2,HER,772,440,439,55
877,D,17.08.2019 2:10,N4,1835,I,2,DLM,772,440,352,48
878,A,17.08.2019 11:20,N4,1836,I,2,DLM,772,440,413,58
879,D,17.08.2019 15:15,N4,2735,I,2,CXR,772,440,434,48
880,D,17.08.2019 14:10,N4,7649,I,2,DJE,772,440,437,48
881,D,17.08.2019 7:40,N4,355,I,2,CUN,77W,486,389,58
882,D,17.08.2019 13:50,N4,1723,I,2,MIR,77W,486,479,48
883,A,17.08.2019 23:40,N4,1724,I,2,MIR,77W,486,389,58
884,D,17.08.2019 2:30,N4,1801,I,2,AYT,77W,486,389,48
885,A,17.08.2019 10:55,N4,1802,I,2,AYT,77W,486,389,48
886,D,17.08.2019 13:15,N4,1803,I,2,AYT,77W,486,389,48
887,A,17.08.2019 22:30,N4,1804,I,2,AYT,77W,486,389,55
888,A,17.08.2019 19:55,BT,422,I,5,RIX,CS3,145,135,10
889,D,17.08.2019 20:40,BT,423,I,5,RIX,CS3,145,116,38
890,A,17.08.2019 9:00,BT,424,I,5,RIX,CS3,145,130,34
891,D,17.08.2019 9:45,BT,425,I,5,RIX,CS3,145,136,38
892,A,17.08.2019 1:00,BT,426,I,5,RIX,CS3,145,139,37
893,D,17.08.2019 4:50,BT,427,I,5,RIX,CS3,145,116,34
894,A,17.08.2019 14:40,BT,428,I,5,RIX,CS3,145,139,10
895,D,17.08.2019 15:25,BT,429,I,5,RIX,CS3,145,130,10
896,A,17.08.2019 5:30,JD,475,I,2,HGH,332,264,242,55
897,D,17.08.2019 8:55,JD,476,I,2,HGH,332,264,225,48
898,A,17.08.2019 22:35,RL,506,I,2,TPE,763,330,326,58
899,D,17.08.2019 3:50,RL,7743,I,2,BCN,763,330,330,48
900,D,17.08.2019 22:55,SU,530,I,2,BEY,320,140,104,80
901,D,17.08.2019 7:20,SU,570,I,3,TLV,320,140,132,26
902,D,17.08.2019 6:10,SU,1246,D,1,REN,320,140,67,210
903,A,17.08.2019 11:45,SU,1247,D,1,REN,320,140,121,217
904,D,17.08.2019 6:30,SU,1270,D,1,KZN,320,140,122,202
905,A,17.08.2019 10:45,SU,1271,D,1,KZN,320,140,78,206
906,D,17.08.2019 13:55,SU,1312,D,1,MRV,320,140,136,217
907,A,17.08.2019 19:45,SU,1313,D,1,MRV,320,140,133,205
908,D,17.08.2019 6:25,SU,1438,D,1,UFA,320,140,136,193
909,A,17.08.2019 12:50,SU,1439,D,1,UFA,320,140,134,192
910,D,17.08.2019 3:05,SU,1448,D,3,MQF,320,140,102,13
911,A,17.08.2019 9:05,SU,1449,D,3,MQF,320,140,122,10
912,D,17.08.2019 23:50,SU,1484,D,3,KJA,320,140,112,13
913,A,17.08.2019 10:20,SU,1485,D,3,KJA,320,140,138,1
914,D,17.08.2019 0:05,SU,1574,D,3,AAQ,320,140,69,2
915,A,17.08.2019 5:40,SU,1575,D,3,AAQ,320,140,136,11
916,D,17.08.2019 2:55,SU,1674,D,3,ROV,320,140,86,13
917,A,17.08.2019 8:45,SU,1675,D,3,ROV,320,140,108,11
918,A,17.08.2019 5:55,SU,1845,I,3,KIV,320,140,112,10
919,D,17.08.2019 23:50,SU,1852,I,5,GYD,320,140,138,34
920,D,17.08.2019 22:25,SU,1936,I,3,KGF,320,140,112,24
921,D,17.08.2019 0:10,SU,1948,I,2,AKX,320,140,79,80
922,A,17.08.2019 6:35,SU,1949,I,2,AKX,320,140,124,78
923,A,17.08.2019 8:15,SU,1961,I,2,KZO,320,140,135,80
924,D,17.08.2019 10:05,SU,2040,I,5,ZAG,320,140,114,34
925,A,17.08.2019 17:05,SU,2041,I,5,ZAG,320,140,121,38
926,D,17.08.2019 20:00,SU,2070,I,5,LCA,320,140,123,34
927,A,17.08.2019 5:40,SU,2071,I,5,LCA,320,140,124,34
928,D,17.08.2019 10:15,SU,2090,I,2,BEG,320,140,112,78
929,A,17.08.2019 17:10,SU,2091,I,2,BEG,320,140,127,78
930,A,17.08.2019 4:35,SU,2093,I,2,BEG,320,140,114,78
931,D,17.08.2019 21:15,SU,2108,I,5,VNO,320,140,114,38
932,D,17.08.2019 12:55,SU,2116,I,2,ATH,320,140,124,78
933,A,17.08.2019 22:05,SU,2117,I,2,ATH,320,140,125,78
934,D,17.08.2019 21:15,SU,2134,I,5,IST,320,140,128,37
935,D,17.08.2019 16:35,SU,2146,I,3,AYT,320,140,128,8
936,A,17.08.2019 0:55,SU,2147,I,3,AYT,320,140,122,19
937,D,17.08.2019 18:20,SU,2200,I,3,HEL,320,140,117,11
938,A,17.08.2019 22:45,SU,2201,I,3,HEL,320,140,105,22
939,D,17.08.2019 10:15,SU,2300,I,3,FRA,320,140,137,23
940,A,17.08.2019 18:30,SU,2301,I,3,FRA,320,140,126,22
941,D,17.08.2019 18:50,SU,2304,I,3,FRA,320,140,130,26
942,A,17.08.2019 2:35,SU,2305,I,3,FRA,320,140,112,19
943,D,17.08.2019 9:25,SU,2322,I,3,MUC,320,140,135,10
944,A,17.08.2019 16:40,SU,2323,I,3,MUC,320,140,133,3
945,D,17.08.2019 10:35,SU,2346,I,3,HAM,320,140,135,19
946,A,17.08.2019 17:15,SU,2347,I,3,HAM,320,140,130,20
947,D,17.08.2019 16:05,SU,2348,I,3,HAM,320,140,124,1
948,A,17.08.2019 22:45,SU,2349,I,3,HAM,320,140,126,11
949,D,17.08.2019 8:45,SU,2374,I,3,LYS,320,140,112,19
950,A,17.08.2019 17:40,SU,2375,I,3,LYS,320,140,107,21
951,A,17.08.2019 4:45,SU,2377,I,3,LYS,320,140,60,2
952,D,17.08.2019 8:35,SU,2378,I,3,MRS,320,140,120,19
953,A,17.08.2019 17:40,SU,2379,I,3,MRS,320,140,103,11
954,D,17.08.2019 18:10,SU,2386,I,3,ARN,320,140,138,11
955,A,17.08.2019 23:30,SU,2387,I,3,ARN,320,140,70,2
956,D,17.08.2019 18:25,SU,2392,I,2,ZRH,320,140,128,78
957,A,17.08.2019 2:50,SU,2393,I,3,ZRH,320,140,127,1
958,D,17.08.2019 8:35,SU,2402,I,3,FCO,320,140,130,19
959,A,17.08.2019 17:30,SU,2403,I,3,FCO,320,140,125,22
960,D,17.08.2019 18:40,SU,2404,I,3,FCO,320,140,118,1
961,A,17.08.2019 4:40,SU,2405,I,3,FCO,320,140,119,19
962,D,17.08.2019 11:25,SU,2406,I,3,FCO,320,140,123,11
963,A,17.08.2019 20:15,SU,2407,I,3,FCO,320,140,129,19
964,D,17.08.2019 14:30,SU,2408,I,3,FCO,320,140,130,1
965,A,17.08.2019 23:05,SU,2409,I,3,FCO,320,140,123,22
966,D,17.08.2019 8:25,SU,2410,I,3,MXP,320,140,140,19
967,A,17.08.2019 16:45,SU,2411,I,3,MXP,320,140,128,19
968,D,17.08.2019 6:50,SU,2416,I,3,MXP,320,140,112,22
969,A,17.08.2019 15:05,SU,2417,I,3,MXP,320,140,113,1
970,A,17.08.2019 4:00,SU,2423,I,3,VCE,320,140,124,26
971,D,17.08.2019 7:50,SU,2424,I,5,BLQ,320,140,126,34
972,A,17.08.2019 15:45,SU,2425,I,5,BLQ,320,140,134,10
973,D,17.08.2019 14:05,SU,2458,I,3,CDG,320,140,137,11
974,A,17.08.2019 22:50,SU,2459,I,3,CDG,320,140,101,1
975,D,17.08.2019 17:55,SU,2468,I,2,BUD,320,140,127,80
976,A,17.08.2019 0:10,SU,2469,I,3,BUD,320,140,125,20
977,A,17.08.2019 4:15,SU,2475,I,5,NCE,320,140,125,34
978,D,17.08.2019 7:35,SU,2482,I,3,VRN,320,140,122,11
979,A,17.08.2019 15:30,SU,2483,I,3,VRN,320,140,126,23
980,D,17.08.2019 5:40,SU,2570,I,3,LHR,320,140,117,19
981,A,17.08.2019 14:40,SU,2571,I,3,LHR,320,140,133,20
982,D,17.08.2019 8:50,SU,2576,I,3,LHR,320,140,121,19
983,A,17.08.2019 17:40,SU,2577,I,3,LHR,320,140,136,26
984,D,17.08.2019 15:55,SU,2586,I,3,MXP,320,140,124,19
985,A,17.08.2019 4:55,SU,2591,I,3,DUB,320,140,125,1
986,D,17.08.2019 19:45,SU,2594,I,3,MUC,320,140,112,1
987,A,17.08.2019 3:15,SU,2595,I,3,MUC,320,140,134,19
988,D,17.08.2019 9:15,SU,2596,I,5,VCE,320,140,112,37
989,A,17.08.2019 17:05,SU,2597,I,5,VCE,320,140,112,34
990,D,17.08.2019 9:40,SU,2610,I,3,LJU,320,140,127,11
991,A,17.08.2019 17:00,SU,2611,I,3,LJU,320,140,129,3
992,D,17.08.2019 18:15,SU,2680,I,5,RIX,320,140,116,35
993,A,17.08.2019 22:25,SU,2681,I,3,RIX,320,140,126,24
994,D,17.08.2019 9:15,SU,2682,I,3,RIX,320,140,137,11
995,A,17.08.2019 13:20,SU,2683,I,3,RIX,320,140,136,1
996,A,17.08.2019 3:05,AZ,542,I,5,CTA,321,200,147,37
997,D,17.08.2019 4:05,AZ,543,I,5,CTA,321,200,141,38
998,A,17.08.2019 15:50,AZ,546,I,5,MXP,320,180,138,37
999,D,17.08.2019 16:55,AZ,547,I,5,MXP,320,180,156,39
1000,A,17.08.2019 15:15,AZ,548,I,5,FCO,320,180,146,38
1001,D,17.08.2019 16:40,AZ,549,I,5,FCO,320,180,161,34
1002,A,17.08.2019 3:20,KM,560,I,5,MLA,320,180,139,38
1003,D,17.08.2019 4:20,KM,561,I,5,MLA,320,180,139,35
1004,D,17.08.2019 5:00,AZ,595,I,5,FCO,320,180,165,34
1005,A,17.08.2019 3:45,AZ,596,I,5,FCO,320,180,129,34
1006,A,17.08.2019 7:50,FB,643,I,2,BOJ,320,180,178,48
1007,D,17.08.2019 8:45,FB,644,I,2,BOJ,320,180,173,48
1008,A,17.08.2019 15:05,FB,659,I,2,BOJ,320,180,144,80
1009,D,17.08.2019 16:00,FB,660,I,2,BOJ,320,180,171,58
1010,A,17.08.2019 17:25,MU,591,I,2,PVG,333,298,262,49
1011,D,17.08.2019 19:05,MU,592,I,2,PVG,333,298,272,48
1012,A,17.08.2019 17:00,MU,5009,I,2,PVG,333,298,200,58
1013,D,17.08.2019 19:10,MU,5010,I,2,PVG,333,298,270,48
1014,A,17.08.2019 18:25,3U,609,I,2,CTU,333,301,271,58
1015,D,17.08.2019 20:20,3U,610,I,2,CTU,333,301,271,48
1016,A,17.08.2019 16:55,CA,909,I,2,PEK,333,301,280,50
1017,D,17.08.2019 18:45,CA,910,I,2,PEK,333,301,290,58
1018,A,17.08.2019 15:00,FB,651,I,2,BOJ,733,148,119,77
1019,D,17.08.2019 15:50,FB,652,I,2,BOJ,733,148,99,80
1020,A,17.08.2019 21:00,KC,875,I,5,ALA,32A,148,107,10
1021,D,17.08.2019 22:05,KC,876,I,5,ALA,32A,148,132,10
1022,A,17.08.2019 20:45,JU,654,I,5,BEG,319,138,134,34
1023,D,17.08.2019 21:35,JU,655,I,5,BEG,319,138,126,34
1024,A,17.08.2019 3:25,JU,656,I,5,BEG,319,138,115,1
1025,D,17.08.2019 4:10,JU,657,I,5,BEG,319,138,117,10
1026,A,17.08.2019 19:15,CZ,655,I,3,CAN,332,260,228,23
1027,D,17.08.2019 21:10,CZ,656,I,3,CAN,332,260,255,19
1028,A,17.08.2019 13:45,LO,675,I,5,WAW,E95,112,92,10
1029,D,17.08.2019 14:35,LO,676,I,5,WAW,E95,112,95,37
1030,A,17.08.2019 19:45,LO,677,I,5,WAW,E95,112,91,34
1031,D,17.08.2019 20:40,LO,678,I,5,WAW,E95,112,95,34
1032,A,17.08.2019 21:20,KC,873,I,5,TSE,321,179,137,34
1033,D,17.08.2019 22:20,KC,874,I,5,TSE,321,179,122,34
1034,A,17.08.2019 4:25,8L,881,I,2,KMG,333,303,292,55
1035,D,17.08.2019 6:15,8L,882,I,2,KMG,333,303,288,55
1036,D,17.08.2019 5:40,KL,900,I,5,AMS,73H,186,137,34
1037,A,17.08.2019 16:05,KL,903,I,5,AMS,73H,186,154,39
1038,D,17.08.2019 17:00,KL,904,I,5,AMS,73H,186,176,34
1039,A,17.08.2019 1:30,KL,907,I,5,AMS,73H,186,124,34
1040,A,17.08.2019 12:35,KL,901,I,5,AMS,73W,142,131,34
1041,D,17.08.2019 13:30,KL,902,I,5,AMS,73W,142,138,10
1042,A,17.08.2019 16:50,KE,923,I,3,ICN,789,269,190,27
1043,D,17.08.2019 18:55,KE,924,I,3,ICN,789,269,249,20
1044,A,17.08.2019 9:50,B2,975,I,2,MSQ,E95,107,105,78
1045,D,17.08.2019 10:35,B2,976,I,3,MSQ,E95,107,101,19
1046,A,17.08.2019 19:30,B2,977,I,2,MSQ,E95,107,105,78
1047,D,17.08.2019 20:30,B2,978,I,3,MSQ,E95,107,93,19
1048,A,17.08.2019 14:15,AF,1044,I,5,CDG,321,212,177,34
1049,D,17.08.2019 15:15,AF,1045,I,5,CDG,321,212,209,34
1050,A,17.08.2019 17:45,AF,1744,I,5,CDG,321,212,170,39
1051,D,17.08.2019 18:45,AF,1745,I,5,CDG,321,212,194,35
1052,A,17.08.2019 0:05,AF,1144,I,5,CDG,319,143,115,34
1053,D,17.08.2019 8:45,AF,1145,I,5,CDG,319,143,115,10
1054,A,17.08.2019 1:35,AF,1844,I,5,CDG,319,143,117,10
1055,D,17.08.2019 6:10,AF,1845,I,5,CDG,319,143,133,34
1056,D,17.08.2019 1:10,EO,1805,I,2,AYT,763,340,272,48
1057,A,17.08.2019 9:50,EO,1806,I,2,AYT,763,340,329,48
1058,A,17.08.2019 18:40,SN,2845,I,5,BRU,319,141,130,38
1059,D,17.08.2019 19:30,SN,2846,I,5,BRU,319,141,136,10
1060,A,17.08.2019 20:10,CZ,6001,I,3,URC,738,178,125,11
1061,D,17.08.2019 21:35,CZ,6002,I,3,URC,738,178,155,19
1062,D,17.08.2019 20:10,FV,6143,D,3,SIP,773,373,61,2
1063,A,17.08.2019 16:15,FV,6266,I,3,CMB,773,373,305,26
1064,D,17.08.2019 20:20,FV,6273,D,3,UUS,773,373,369,13
1065,A,17.08.2019 15:45,FV,6274,D,3,UUS,773,373,373,14
1066,D,17.08.2019 18:25,FV,6281,D,3,VVO,773,373,368,16
1067,A,17.08.2019 14:00,FV,6282,D,3,VVO,773,373,373,14
1068,D,17.08.2019 17:05,FV,6283,D,3,UUS,773,373,361,13
1069,A,17.08.2019 12:25,FV,6284,D,3,UUS,773,373,372,13
1070,D,17.08.2019 19:55,FV,6289,D,3,GDX,773,373,365,13
1071,A,17.08.2019 14:10,FV,6290,D,3,GDX,773,373,359,17
1072,D,17.08.2019 17:50,FV,6147,D,3,SIP,77W,457,145,11
1073,D,17.08.2019 8:25,FV,6151,D,3,SIP,77W,457,447,14
1074,A,17.08.2019 2:45,FV,6152,D,3,SIP,77W,457,454,13
1075,D,17.08.2019 19:50,FV,6285,D,3,PKC,77W,457,428,13
1076,A,17.08.2019 15:55,FV,6286,D,3,PKC,77W,457,451,16
1077,D,17.08.2019 18:30,FV,6287,D,3,KHV,77W,457,445,13
1078,A,17.08.2019 14:50,FV,6298,D,3,KHV,77W,457,452,18
1079,A,17.08.2019 12:30,FV,6288,D,3,KHV,74E,447,445,17
1080,D,17.08.2019 21:05,FV,6297,D,3,KHV,74E,447,444,14
1081,D,17.08.2019 14:05,RL,7505,I,2,NBE,77W,492,444,48
1082,D,17.08.2019 3:30,RL,7701,I,2,AYT,77W,492,490,55
1083,D,17.08.2019 10:35,RL,7703,I,2,AYT,77W,492,394,55
1084,A,17.08.2019 18:30,RL,7704,I,2,AYT,77W,492,394,48
1085,D,17.08.2019 15:45,RL,7705,I,2,AYT,77W,492,486,48
1086,A,17.08.2019 23:50,RL,7706,I,2,AYT,77W,492,489,55
1087,D,17.08.2019 13:40,RL,7525,I,2,GZP,752,224,224,48
1088,A,17.08.2019 22:00,RL,7526,I,2,GZP,752,224,222,48
1089,D,17.08.2019 3:05,RL,7543,I,2,DLM,752,224,221,55
1090,A,17.08.2019 11:15,RL,7544,I,2,DLM,752,224,220,59
1091,A,17.08.2019 18:05,HU,7985,I,5,PEK,333,292,280,34
1092,D,17.08.2019 19:55,HU,7986,I,5,PEK,333,292,269,34
1093,D,17.08.2019 2:50,ZF,9007,I,2,AYT,77W,531,425,48
1094,A,17.08.2019 23:30,ZF,9010,I,2,AYT,77W,531,425,48
